order_id,user_id,country,device,sessions,items,avg_item_price,discount_rate,revenue
1,1037,US,mobile,6,5,34.89,0.33,116.88
2,1235,US,tablet,6,6,22.81,0.29,97.17
3,1908,US,mobile,8,4,39.02,0.25,117.06
4,1072,CA,mobile,3,1,22.29,0.23,17.16
5,1767,US,mobile,2,1,21.33,0.23,16.42
6,1905,FR,mobile,6,5,14.72,0.06,69.18
7,1715,FR,mobile,3,6,17.76,0.21,84.18
8,1645,US,desktop,4,5,22.39,0.42,64.93
9,1847,US,tablet,2,1,23.66,0.19,19.16
10,1960,US,desktop,5,3,22.17,0.14,57.2
11,1144,US,mobile,13,2,20.61,0.21,32.56
12,1129,DE,desktop,7,2,16.86,0.39,20.57
13,1972,US,desktop,3,1,30.84,0.2,24.67
14,1583,US,mobile,6,2,38.71,0.16,65.03
15,1749,FR,mobile,4,2,29.46,0.32,40.07
16,1508,US,mobile,10,1,32.06,0.19,25.97
17,1390,UK,mobile,8,2,24.77,0.11,44.09
18,1281,US,mobile,8,1,31.98,0.13,27.82
19,1178,US,desktop,5,5,33.66,0.26,124.54
20,1276,CA,mobile,4,7,25.92,0.17,150.6
21,1254,US,mobile,10,2,27.26,0.16,45.8
22,1357,US,desktop,5,6,14.76,0.12,77.93
23,1914,UK,mobile,9,2,18.21,0.38,22.58
24,1468,CA,mobile,9,4,30.97,0.13,107.78
25,1907,UK,mobile,5,3,37.01,0.07,103.26
26,1252,US,mobile,7,4,25.3,0.42,58.7
27,1490,DE,mobile,10,5,23.23,0.14,99.89
28,1668,US,mobile,8,3,37.4,0.16,94.25
29,1925,CA,mobile,3,5,28.55,0.21,112.77
30,1398,DE,mobile,3,4,37.38,0.32,101.67
31,1562,US,tablet,6,5,37.83,0.41,111.6
32,1580,US,mobile,12,2,16.18,0.05,30.74
33,1215,FR,desktop,6,2,11.22,0.37,14.14
34,1983,FR,mobile,5,5,32.49,0.23,125.09
35,1753,CA,desktop,6,2,27.0,0.06,50.76
36,1503,FR,mobile,7,2,29.55,0.37,37.23
37,1478,AU,mobile,9,1,27.3,0.25,20.48
38,1864,FR,mobile,4,4,19.75,0.23,60.83
39,1086,FR,desktop,9,4,21.77,0.03,84.47
40,1141,US,mobile,6,4,24.0,0.25,72.0
41,1393,UK,desktop,2,4,23.93,0.11,85.19
42,1007,UK,mobile,4,5,16.93,0.44,47.4
43,1319,UK,mobile,5,3,18.81,0.1,50.79
44,1829,DE,mobile,5,1,20.57,0.21,16.25
45,1534,US,mobile,7,1,27.08,0.11,24.1
46,1313,DE,mobile,16,5,11.48,0.04,55.1
47,1513,DE,desktop,11,2,41.06,0.17,68.16
48,1896,US,mobile,6,3,22.86,0.26,50.75
49,1316,US,mobile,8,2,22.12,0.26,32.74
50,1209,UK,mobile,3,3,17.37,0.14,44.81
51,1264,US,mobile,5,5,33.99,0.31,117.27
52,1728,DE,desktop,6,2,27.39,0.49,27.94
53,1653,US,mobile,5,3,32.36,0.08,89.31
54,1627,DE,mobile,10,3,22.15,0.32,45.19
55,1431,AU,mobile,7,4,29.45,0.23,90.71
56,1633,US,tablet,3,2,24.16,0.34,31.89
57,1456,US,desktop,6,2,18.54,0.36,23.73
58,1542,FR,desktop,8,2,14.99,0.25,22.48
59,1071,CA,desktop,8,3,31.89,0.1,86.1
60,1387,AU,mobile,11,5,37.62,0.04,180.58
61,1454,UK,mobile,4,1,23.34,0.34,15.4
62,1917,AU,mobile,9,1,9.58,0.32,6.51
63,1561,CA,mobile,4,5,21.91,0.26,81.07
64,1313,CA,desktop,3,4,26.14,0.1,94.1
65,1515,US,mobile,5,4,35.13,0.15,119.44
66,1964,US,mobile,8,4,29.37,0.08,108.08
67,1792,US,desktop,7,3,20.66,0.13,53.92
68,1497,US,mobile,9,2,29.46,0.25,44.19
69,1043,DE,desktop,5,2,34.36,0.18,56.35
70,1588,US,mobile,8,2,30.71,0.29,43.61
71,1026,US,mobile,10,2,22.89,0.15,38.91
72,1820,FR,mobile,6,4,30.87,0.16,103.72
73,1336,UK,mobile,4,4,28.68,0.15,97.51
74,1621,UK,mobile,3,5,37.43,0.1,168.44
75,1883,US,desktop,8,7,16.35,0.18,93.85
76,1297,US,mobile,4,2,15.91,0.31,21.96
77,1466,CA,mobile,9,3,24.28,0.24,55.36
78,1015,AU,desktop,9,2,31.27,0.22,48.78
79,1064,US,mobile,7,3,27.87,0.38,51.84
80,1196,US,mobile,5,5,24.9,0.2,99.6
81,1025,US,mobile,10,2,12.54,0.28,18.06
82,1367,DE,mobile,8,2,16.57,0.28,23.86
83,1738,US,mobile,4,5,23.65,0.48,61.49
84,1471,US,desktop,5,3,19.94,0.21,47.26
85,1903,CA,tablet,7,1,23.47,0.05,22.3
86,1282,US,desktop,6,2,23.66,0.16,39.75
87,1665,DE,mobile,2,3,17.71,0.34,35.07
88,1616,US,mobile,4,2,22.17,0.17,36.8
89,1022,US,mobile,5,1,32.7,0.07,30.41
90,1777,CA,mobile,6,4,17.12,0.3,47.94
91,1707,FR,tablet,6,3,21.53,0.12,56.84
92,1999,US,mobile,7,3,31.02,0.09,84.68
93,1126,DE,desktop,5,4,34.17,0.07,127.11
94,1279,CA,mobile,6,2,19.16,0.21,30.27
95,1381,CA,desktop,9,4,20.75,0.39,50.63
96,1356,AU,mobile,6,4,28.65,0.25,85.95
97,1155,DE,desktop,6,4,31.21,0.22,97.38
98,1933,US,desktop,11,2,23.43,0.31,32.33
99,1313,UK,desktop,5,2,23.97,0.17,39.79
100,1595,US,mobile,8,1,20.88,0.06,19.63
101,1166,AU,mobile,1,2,15.05,0.17,24.98
102,1648,US,mobile,4,4,21.22,0.11,75.54
103,1288,US,mobile,6,3,28.18,0.09,76.93
104,1418,US,mobile,5,4,32.34,0.15,109.96
105,1778,US,desktop,4,3,37.95,0.27,83.11
106,1279,US,desktop,6,3,23.55,0.06,66.41
107,1655,UK,mobile,5,4,26.68,0.24,81.11
108,1751,DE,desktop,8,2,22.38,0.15,38.05
109,1087,UK,mobile,7,3,25.18,0.1,67.99
110,1793,DE,mobile,3,4,11.65,0.08,42.87
111,1967,US,mobile,4,3,5.0,0.12,13.2
112,1243,FR,mobile,8,2,28.63,0.28,41.23
113,1348,US,mobile,9,3,27.43,0.42,47.73
114,1586,FR,mobile,4,2,18.43,0.21,29.12
115,1190,UK,desktop,6,4,34.46,0.12,121.3
116,1302,US,mobile,3,3,17.35,0.04,49.97
117,1928,US,desktop,9,3,30.95,0.11,82.64
118,1728,US,mobile,5,6,16.94,0.05,96.56
119,1151,US,desktop,7,7,33.4,0.08,215.1
120,1695,US,mobile,6,3,19.5,0.36,37.44
121,1321,US,mobile,7,1,32.83,0.42,19.04
122,1369,US,desktop,7,6,26.25,0.4,94.5
123,1845,DE,desktop,7,3,31.66,0.56,41.79
124,1771,US,desktop,12,1,26.21,0.19,21.23
125,1896,DE,tablet,5,3,29.83,0.37,56.38
126,1253,US,mobile,6,5,20.53,0.11,91.36
127,1461,US,mobile,9,3,16.47,0.05,46.94
128,1774,US,mobile,6,2,22.17,0.09,40.35
129,1564,US,mobile,7,4,24.61,0.33,65.95
130,1469,DE,desktop,6,3,36.86,0.08,101.73
131,1454,US,mobile,4,4,43.7,0.17,145.08
132,1514,FR,mobile,7,2,22.71,0.31,31.34
133,1588,US,mobile,12,2,31.08,0.06,58.43
134,1987,DE,desktop,6,4,26.48,0.1,95.33
135,1149,US,desktop,9,3,25.19,0.1,68.01
136,1715,UK,mobile,5,4,17.64,0.08,64.92
137,1263,US,mobile,3,7,24.95,0.23,134.48
138,1077,CA,mobile,4,3,26.27,0.14,67.78
139,1712,US,tablet,3,2,27.42,0.08,50.45
140,1075,AU,desktop,4,6,32.89,0.07,183.53
141,1332,FR,desktop,7,1,16.38,0.13,14.25
142,1043,DE,tablet,5,5,31.23,0.19,126.48
143,1532,FR,mobile,2,1,21.38,0.04,20.52
144,1542,US,desktop,6,1,29.69,0.22,23.16
145,1548,US,mobile,8,1,20.68,0.24,15.72
146,1871,US,mobile,5,2,26.82,0.02,52.57
147,1775,UK,desktop,3,2,24.85,0.03,48.21
148,1813,FR,desktop,3,2,22.32,0.14,38.39
149,1964,AU,mobile,4,4,23.77,0.06,89.38
150,1569,UK,desktop,5,3,28.1,0.14,72.5
151,1752,DE,desktop,6,1,22.51,0.14,19.36
152,1508,FR,desktop,3,1,24.01,0.23,18.49
153,1210,US,desktop,6,2,33.29,0.18,54.6
154,1096,US,mobile,7,2,31.56,0.3,44.18
155,1269,US,desktop,9,3,24.03,0.37,45.42
156,1010,US,desktop,3,4,31.22,0.09,113.64
157,1279,DE,mobile,10,6,27.31,0.02,160.58
158,1892,US,mobile,4,2,30.79,0.05,58.5
159,1849,US,desktop,6,6,39.21,0.05,223.5
160,1903,DE,desktop,4,2,22.52,0.4,27.02
161,1889,US,mobile,5,1,21.55,0.19,17.46
162,1152,AU,mobile,8,6,35.88,0.32,146.39
163,1714,US,mobile,6,2,21.66,0.25,32.49
164,1476,CA,desktop,5,3,19.64,0.34,38.89
165,1660,US,mobile,4,2,13.54,0.14,23.29
166,1416,FR,mobile,8,3,27.28,0.39,49.92
167,1140,US,desktop,5,5,26.34,0.07,122.48
168,1193,US,mobile,7,3,31.48,0.09,85.94
169,1606,CA,desktop,6,3,29.9,0.19,72.66
170,1572,AU,desktop,4,5,27.96,0.16,117.43
171,1489,US,mobile,5,2,20.24,0.27,29.55
172,1152,UK,mobile,8,5,31.03,0.15,131.88
173,1338,FR,mobile,4,2,25.53,0.41,30.13
174,1883,US,desktop,4,3,29.2,0.06,82.34
175,1865,CA,desktop,3,3,20.76,0.14,53.56
176,1130,US,mobile,5,1,25.49,0.24,19.37
177,1492,FR,desktop,2,5,25.01,0.13,108.79
178,1732,CA,mobile,9,3,40.84,0.05,116.39
179,1615,UK,mobile,4,3,10.85,0.12,28.64
180,1866,US,mobile,6,5,34.75,0.08,159.85
181,1266,UK,mobile,1,5,10.6,0.29,37.63
182,1694,US,mobile,4,4,30.27,0.06,113.82
183,1864,US,mobile,7,4,17.41,0.2,55.71
184,1489,CA,mobile,5,1,21.23,0.14,18.26
185,1850,US,desktop,10,2,37.92,0.25,56.88
186,1470,CA,desktop,8,1,20.86,0.06,19.61
187,1198,FR,tablet,5,4,23.9,0.13,83.17
188,1706,US,mobile,5,1,19.76,0.08,18.18
189,1327,US,mobile,6,3,35.72,0.46,57.87
190,1999,US,mobile,6,6,29.51,0.24,134.57
191,1176,AU,desktop,6,5,22.69,0.27,82.82
192,1566,AU,mobile,10,2,30.96,0.09,56.35
193,1015,FR,desktop,5,1,23.68,0.12,20.84
194,1901,AU,desktop,3,2,25.59,0.08,47.09
195,1401,US,mobile,6,4,21.15,0.08,77.83
196,1170,US,mobile,4,4,31.76,0.27,92.74
197,1020,US,desktop,10,2,20.69,0.22,32.28
198,1630,US,mobile,10,3,16.37,0.26,36.34
199,1944,US,mobile,8,5,22.59,0.09,102.78
200,1278,UK,desktop,7,3,20.49,0.19,49.79
201,1485,US,mobile,7,4,27.83,0.24,84.6
202,1909,DE,desktop,3,3,28.11,0.16,70.84
203,1626,US,desktop,6,4,16.89,0.2,54.05
204,1609,UK,desktop,7,2,11.26,0.14,19.37
205,1693,US,desktop,4,3,21.1,0.23,48.74
206,1852,CA,mobile,6,3,18.24,0.19,44.32
207,1010,US,mobile,7,4,20.14,0.21,63.64
208,1096,US,desktop,6,3,24.07,0.12,63.54
209,1183,US,mobile,5,2,24.6,0.42,28.54
210,1317,UK,mobile,5,1,10.15,0.37,6.39
211,1568,US,mobile,5,5,24.87,0.33,83.31
212,1729,CA,mobile,5,5,23.95,0.11,106.58
213,1405,US,mobile,3,3,20.32,0.12,53.64
214,1231,CA,desktop,6,6,20.41,0.36,78.37
215,1096,AU,mobile,4,5,21.17,0.05,100.56
216,1505,DE,mobile,4,1,22.41,0.06,21.07
217,1979,CA,mobile,4,2,16.33,0.15,27.76
218,1025,AU,tablet,2,2,26.78,0.22,41.78
219,1497,FR,mobile,5,4,31.0,0.31,85.56
220,1910,CA,mobile,6,1,16.88,0.03,16.37
221,1141,US,desktop,6,4,16.4,0.17,54.45
222,1212,US,mobile,4,3,25.08,0.17,62.45
223,1628,US,mobile,8,3,17.7,0.14,45.67
224,1811,US,mobile,6,3,25.07,0.11,66.94
225,1646,US,mobile,6,2,27.34,0.43,31.17
226,1717,AU,mobile,5,5,20.37,0.29,72.31
227,1696,US,mobile,10,2,18.35,0.17,30.46
228,1955,AU,mobile,3,3,23.06,0.47,36.67
229,1911,DE,mobile,7,2,16.5,0.03,32.01
230,1536,FR,desktop,10,3,26.39,0.14,68.09
231,1137,UK,mobile,3,4,21.34,0.14,73.41
232,1450,UK,tablet,7,3,30.01,0.37,56.72
233,1199,US,desktop,4,2,35.57,0.15,60.47
234,1821,US,desktop,5,2,25.4,0.23,39.12
235,1325,US,desktop,3,4,37.88,0.26,112.12
236,1420,US,mobile,10,2,42.13,0.29,59.82
237,1869,DE,mobile,6,3,22.0,0.05,62.7
238,1760,US,mobile,1,5,29.18,0.33,97.75
239,1021,US,desktop,5,1,26.18,0.21,20.68
240,1296,US,mobile,7,5,17.68,0.09,80.44
241,1077,US,desktop,4,2,22.39,0.16,37.62
242,1219,DE,desktop,8,5,19.26,0.48,50.08
243,1689,US,desktop,5,3,27.6,0.24,62.93
244,1369,AU,desktop,5,5,23.99,0.16,100.76
245,1303,US,mobile,8,4,21.05,0.25,63.15
246,1461,US,desktop,7,3,9.14,0.18,22.48
247,1424,CA,desktop,5,4,16.67,0.32,45.34
248,1462,DE,desktop,7,2,31.15,0.28,44.86
249,1557,US,mobile,8,4,22.31,0.11,79.42
250,1855,US,mobile,4,3,19.06,0.02,56.04
251,1656,US,mobile,10,3,20.6,0.42,35.84
252,1924,CA,mobile,7,2,18.05,0.07,33.57
253,1234,UK,desktop,2,3,19.8,0.32,40.39
254,1557,DE,desktop,7,5,38.45,0.19,155.72
255,1451,US,desktop,10,3,32.76,0.09,89.43
256,1884,US,mobile,9,2,27.0,0.2,43.2
257,1322,CA,mobile,4,2,24.37,0.44,27.29
258,1974,DE,mobile,9,2,43.43,0.31,59.93
259,1302,US,mobile,9,5,28.06,0.12,123.46
260,1384,UK,mobile,3,5,28.44,0.07,132.25
261,1413,UK,desktop,10,7,24.93,0.19,141.35
262,1063,US,mobile,6,3,30.96,0.18,76.16
263,1843,FR,desktop,4,3,29.45,0.09,80.4
264,1547,UK,mobile,9,3,35.5,0.1,95.85
265,1949,US,mobile,4,4,19.89,0.22,62.06
266,1477,US,mobile,8,1,34.79,0.13,30.27
267,1545,FR,mobile,8,3,17.76,0.33,35.7
268,1642,FR,mobile,7,1,31.2,0.05,29.64
269,1468,UK,mobile,5,4,14.42,0.2,46.14
270,1595,UK,desktop,8,2,25.04,0.13,43.57
271,1048,CA,desktop,5,2,26.24,0.14,45.13
272,1822,US,mobile,6,2,18.7,0.06,35.16
273,1288,CA,desktop,6,2,13.49,0.15,22.93
274,1253,UK,mobile,3,2,24.07,0.08,44.29
275,1668,US,desktop,5,3,17.25,0.37,32.6
276,1055,FR,desktop,8,5,23.86,0.23,91.86
277,1722,US,mobile,3,3,28.42,0.31,58.83
278,1287,DE,mobile,5,4,25.17,0.12,88.6
279,1028,US,mobile,8,5,8.66,0.33,29.01
280,1222,DE,desktop,5,1,17.83,0.08,16.4
281,1330,US,mobile,8,2,33.45,0.11,59.54
282,1136,DE,desktop,6,3,22.61,0.18,55.62
283,1109,US,desktop,5,6,18.15,0.31,75.14
284,1611,US,mobile,5,7,26.47,0.12,163.06
285,1032,DE,desktop,4,3,17.0,0.0,51.0
286,1520,US,desktop,7,1,23.75,0.19,19.24
287,1596,DE,mobile,3,2,19.38,0.23,29.85
288,1973,DE,desktop,7,6,27.47,0.03,159.88
289,1562,US,mobile,8,4,26.77,0.19,86.73
290,1591,US,desktop,9,5,21.4,0.14,92.02
291,1169,US,desktop,11,1,35.55,0.07,33.06
292,1832,US,mobile,4,5,26.29,0.27,95.96
293,1620,US,mobile,5,2,27.02,0.04,51.88
294,1211,US,desktop,4,2,27.49,0.12,48.38
295,1024,US,desktop,7,4,29.67,0.12,104.44
296,1113,UK,desktop,8,1,17.59,0.16,14.78
297,1788,DE,desktop,6,2,25.84,0.24,39.28
298,1044,US,tablet,4,3,29.36,0.31,60.78
299,1271,US,mobile,8,4,28.48,0.6,45.57
300,1670,US,mobile,4,5,19.19,0.24,72.92
301,1475,FR,mobile,3,3,18.13,0.16,45.69
302,1910,UK,mobile,6,1,7.94,0.04,7.62
303,1499,CA,tablet,9,3,30.26,0.06,85.33
304,1787,US,mobile,5,2,22.22,0.24,33.77
305,1251,FR,tablet,8,7,34.71,0.04,233.25
306,1666,US,mobile,11,4,24.03,0.15,81.7
307,1235,AU,mobile,2,2,26.76,0.32,36.39
308,1086,UK,mobile,6,4,34.45,0.26,101.97
309,1391,US,mobile,4,2,35.87,0.16,60.26
310,1739,US,mobile,3,1,18.39,0.19,14.9
311,1053,AU,desktop,8,1,18.2,0.15,15.47
312,1431,US,mobile,5,2,28.87,0.17,47.92
313,1878,US,tablet,5,2,20.62,0.27,30.11
314,1444,US,desktop,5,2,28.46,0.19,46.11
315,1755,US,mobile,7,2,30.64,0.07,56.99
316,1290,US,mobile,10,2,22.32,0.36,28.57
317,1100,DE,mobile,4,3,13.94,0.09,38.06
318,1740,US,mobile,7,3,28.26,0.17,70.37
319,1800,UK,desktop,6,6,26.55,0.18,130.63
320,1915,DE,mobile,5,4,29.1,0.28,83.81
321,1451,US,mobile,5,8,26.2,0.31,144.62
322,1792,UK,mobile,5,2,25.13,0.34,33.17
323,1723,DE,desktop,6,1,28.21,0.27,20.59
324,1229,UK,mobile,9,2,31.26,0.3,43.76
325,1606,CA,desktop,5,5,23.45,0.2,93.8
326,1166,US,mobile,6,5,20.23,0.21,79.91
327,1687,DE,desktop,8,1,41.84,0.16,35.15
328,1231,AU,mobile,9,5,25.31,0.06,118.96
329,1901,US,tablet,7,2,34.47,0.48,35.85
330,1079,DE,mobile,7,2,30.89,0.18,50.66
331,1575,US,mobile,6,3,25.99,0.06,73.29
332,1881,FR,desktop,4,4,30.93,0.25,92.79
333,1087,US,mobile,8,1,18.4,0.22,14.35
334,1416,US,mobile,3,3,24.43,0.28,52.77
335,1810,US,mobile,5,3,30.45,0.02,89.52
336,1714,US,mobile,8,4,29.3,0.3,82.04
337,1706,FR,mobile,4,2,6.52,0.25,9.78
338,1728,US,mobile,7,2,31.34,0.22,48.89
339,1738,CA,desktop,5,4,25.75,0.18,84.46
340,1670,US,desktop,5,2,19.95,0.5,19.95
341,1657,US,desktop,4,1,22.84,0.14,19.64
342,1324,US,mobile,5,3,23.73,0.17,59.09
343,1832,US,desktop,3,4,31.33,0.02,122.81
344,1188,CA,mobile,3,2,31.08,0.37,39.16
345,1500,US,mobile,1,5,16.98,0.25,63.68
346,1206,US,mobile,6,2,21.72,0.2,34.75
347,1145,US,desktop,6,4,18.64,0.09,67.85
348,1167,DE,mobile,7,1,25.2,0.33,16.88
349,1163,US,mobile,6,1,24.08,0.2,19.26
350,1465,AU,mobile,2,1,35.64,0.05,33.86
351,1668,US,desktop,5,4,31.65,0.03,122.8
352,1662,CA,mobile,7,4,29.34,0.11,104.45
353,1806,US,mobile,6,1,22.93,0.19,18.57
354,1681,DE,desktop,3,3,37.16,0.19,90.3
355,1458,US,mobile,6,3,40.34,0.19,98.03
356,1717,CA,mobile,8,3,31.14,0.09,85.01
357,1326,DE,desktop,6,6,30.32,0.28,130.98
358,1665,US,desktop,4,5,15.91,0.15,67.62
359,1230,CA,mobile,8,5,24.85,0.03,120.52
360,1240,US,mobile,6,5,24.83,0.08,114.22
361,1048,DE,desktop,4,2,12.03,0.09,21.89
362,1690,DE,desktop,4,2,24.45,0.37,30.81
363,1958,US,mobile,4,2,18.31,0.01,36.25
364,1300,FR,mobile,9,4,25.07,0.28,72.2
365,1617,US,desktop,4,2,13.84,0.07,25.74
366,1182,FR,mobile,5,2,21.11,0.2,33.78
367,1256,CA,desktop,6,3,16.51,0.29,35.17
368,1342,US,mobile,7,2,27.12,0.08,49.9
369,1503,DE,mobile,6,4,25.36,0.02,99.41
370,1784,UK,mobile,3,2,28.79,0.01,57.0
371,1275,AU,mobile,5,1,27.74,0.09,25.24
372,1777,US,mobile,6,1,26.28,0.19,21.29
373,1624,US,mobile,9,1,26.53,0.14,22.82
374,1732,AU,mobile,5,3,9.94,0.1,26.84
375,1051,FR,mobile,8,4,21.57,0.24,65.57
376,1879,DE,desktop,6,5,27.27,0.24,103.63
377,1138,CA,desktop,7,4,35.87,0.17,119.09
378,1123,UK,desktop,7,3,18.88,0.12,49.84
379,1324,DE,mobile,7,3,26.22,0.23,60.57
380,1407,US,desktop,7,2,21.74,0.07,40.44
381,1270,DE,mobile,6,3,22.43,0.03,65.27
382,1703,DE,mobile,6,1,23.5,0.24,17.86
383,1533,UK,mobile,5,1,23.06,0.04,22.14
384,1174,US,mobile,12,3,20.75,0.13,54.16
385,1380,UK,desktop,5,1,25.33,0.09,23.05
386,1131,US,tablet,7,3,33.93,0.06,95.68
387,1440,DE,desktop,5,4,16.74,0.02,65.62
388,1856,FR,mobile,11,5,22.03,0.1,99.14
389,1208,US,desktop,12,3,29.18,0.2,70.03
390,1942,US,mobile,8,2,23.42,0.27,34.19
391,1566,US,desktop,8,2,14.07,0.58,11.82
392,1975,US,mobile,4,1,29.02,0.11,25.83
393,1583,FR,mobile,5,1,5.97,0.14,5.13
394,1508,CA,desktop,5,3,19.65,0.3,41.26
395,1526,US,mobile,11,1,32.2,0.21,25.44
396,1717,US,mobile,15,3,15.93,0.09,43.49
397,1143,US,mobile,8,2,20.91,0.04,40.15
398,1409,UK,desktop,4,4,33.15,0.25,99.45
399,1821,US,tablet,8,6,28.62,0.19,139.09
400,1724,US,mobile,3,3,24.51,0.13,63.97
401,1505,US,mobile,8,4,31.18,0.29,88.55
402,1954,FR,desktop,7,3,18.22,0.4,32.8
403,1981,US,desktop,4,3,28.17,0.39,51.55
404,1626,US,mobile,7,1,29.6,0.32,20.13
405,1750,UK,desktop,4,3,22.71,0.4,40.88
406,1925,US,mobile,5,4,14.95,0.21,47.24
407,1556,US,mobile,3,1,35.11,0.15,29.84
408,1037,US,mobile,2,3,37.01,0.12,97.71
409,1150,UK,mobile,7,2,24.02,0.06,45.16
410,1475,FR,mobile,8,1,28.11,0.43,16.02
411,1438,US,desktop,5,1,8.38,0.06,7.88
412,1332,DE,desktop,5,2,30.2,0.29,42.88
413,1524,US,mobile,6,5,20.1,0.1,90.45
414,1376,UK,desktop,5,5,40.99,0.18,168.06
415,1315,US,mobile,8,1,5.0,0.14,4.3
416,1922,US,desktop,8,1,20.38,0.17,16.92
417,1972,FR,desktop,3,2,19.5,0.18,31.98
418,1967,UK,desktop,5,3,20.14,0.58,25.38
419,1727,DE,mobile,4,6,14.83,0.18,72.96
420,1423,CA,mobile,6,1,19.88,0.26,14.71
421,1637,US,mobile,3,4,18.15,0.1,65.34
422,1043,FR,tablet,2,1,20.15,0.29,14.31
423,1460,US,mobile,9,3,14.43,0.08,39.83
424,1882,CA,desktop,5,6,22.21,0.29,94.61
425,1806,AU,mobile,6,2,36.22,0.08,66.64
426,1603,CA,mobile,9,3,21.66,0.05,61.73
427,1624,US,mobile,7,5,22.47,0.1,101.12
428,1253,FR,mobile,10,2,23.46,0.31,32.37
429,1837,US,mobile,7,1,19.25,0.15,16.36
430,1738,UK,mobile,6,1,27.48,0.04,26.38
431,1417,CA,mobile,4,3,40.74,0.21,96.55
432,1171,AU,mobile,3,2,13.12,0.46,14.17
433,1410,UK,mobile,8,3,32.27,0.27,70.67
434,1696,FR,mobile,4,3,24.55,0.1,66.29
435,1965,US,desktop,4,3,21.44,0.28,46.31
436,1585,AU,desktop,7,3,28.66,0.07,79.96
437,1308,US,desktop,6,3,33.41,0.27,73.17
438,1601,US,mobile,3,2,31.61,0.41,37.3
439,1539,AU,mobile,6,2,17.55,0.12,30.89
440,1043,US,desktop,7,2,37.06,0.03,71.9
441,1001,FR,desktop,7,2,24.14,0.06,45.38
442,1338,FR,mobile,3,4,21.76,0.2,69.63
443,1127,US,tablet,8,5,24.37,0.29,86.51
444,1606,US,mobile,6,1,33.55,0.17,27.85
445,1992,DE,desktop,9,5,28.87,0.07,134.25
446,1410,US,mobile,4,3,19.03,0.18,46.81
447,1852,US,desktop,6,2,21.17,0.39,25.83
448,1542,AU,mobile,5,3,22.46,0.15,57.27
449,1871,FR,mobile,5,2,12.8,0.2,20.48
450,1064,US,mobile,3,3,20.17,0.28,43.57
451,1150,FR,mobile,2,2,24.01,0.17,39.86
452,1610,US,desktop,3,4,25.11,0.17,83.37
453,1820,UK,mobile,7,2,13.34,0.11,23.75
454,1643,US,mobile,5,3,18.48,0.18,45.46
455,1070,CA,desktop,8,1,29.61,0.23,22.8
456,1652,US,desktop,9,2,19.93,0.01,39.46
457,1295,AU,desktop,3,2,20.96,0.05,39.82
458,1230,US,mobile,10,1,16.34,0.22,12.75
459,1083,US,mobile,7,2,24.87,0.46,26.86
460,1751,US,desktop,10,2,29.5,0.1,53.1
461,1176,US,desktop,6,3,32.32,0.13,84.36
462,1317,UK,mobile,8,1,17.32,0.11,15.41
463,1454,CA,desktop,2,4,29.59,0.1,106.52
464,1781,DE,desktop,6,4,27.8,0.23,85.62
465,1164,CA,tablet,5,1,21.86,0.13,19.02
466,1279,DE,tablet,3,3,15.86,0.26,35.21
467,1406,UK,mobile,8,4,20.43,0.17,67.83
468,1450,DE,mobile,5,6,29.76,0.31,123.21
469,1634,US,mobile,7,3,35.59,0.1,96.09
470,1476,UK,mobile,5,2,24.33,0.21,38.44
471,1249,US,tablet,5,1,16.12,0.04,15.48
472,1490,US,mobile,4,2,28.09,0.19,45.51
473,1351,US,desktop,6,3,27.8,0.26,61.72
474,1565,US,desktop,3,5,24.96,0.23,96.1
475,1905,US,mobile,3,3,20.79,0.13,54.26
476,1681,US,mobile,10,2,19.96,0.22,31.14
477,1441,AU,mobile,5,3,34.4,0.22,80.5
478,1856,US,mobile,3,5,22.31,0.16,93.7
479,1365,AU,desktop,3,5,27.74,0.24,105.41
480,1758,UK,desktop,7,2,28.67,0.24,43.58
481,1733,US,mobile,8,3,13.91,0.24,31.71
482,1756,FR,mobile,6,4,21.39,0.28,61.6
483,1716,UK,mobile,6,3,34.14,0.44,57.36
484,1850,US,mobile,5,3,39.78,0.24,90.7
485,1362,DE,desktop,3,1,17.06,0.21,13.48
486,1907,US,desktop,3,2,19.49,0.21,30.79
487,1105,US,mobile,9,5,14.91,0.27,54.42
488,1036,US,desktop,4,2,34.41,0.25,51.61
489,1112,UK,mobile,5,2,10.13,0.08,18.64
490,1144,US,mobile,4,4,14.59,0.08,53.69
491,1158,DE,desktop,7,4,20.37,0.13,70.89
492,1115,US,tablet,3,2,26.12,0.12,45.97
493,1618,CA,mobile,2,2,30.09,0.09,54.76
494,1212,US,tablet,3,2,24.59,0.06,46.23
495,1953,FR,desktop,5,2,24.43,0.23,37.62
496,1803,FR,mobile,4,3,15.07,0.18,37.07
497,1425,US,mobile,5,2,13.86,0.37,17.46
498,1337,CA,desktop,6,2,24.62,0.04,47.27
499,1770,FR,mobile,4,1,33.02,0.3,23.11
500,1213,US,desktop,7,3,27.3,0.2,65.52
501,1093,AU,tablet,6,3,25.25,0.1,68.18
502,1164,US,desktop,6,5,13.59,0.19,55.04
503,1621,UK,mobile,6,2,34.74,0.25,52.11
504,1302,UK,mobile,5,4,23.99,0.17,79.65
505,1848,US,mobile,7,4,20.57,0.18,67.47
506,1795,US,mobile,8,2,24.86,0.06,46.74
507,1328,US,mobile,3,3,32.43,0.25,72.97
508,1540,AU,desktop,5,3,18.26,0.56,24.1
509,1642,US,desktop,5,2,37.57,0.09,68.38
510,1739,DE,mobile,6,1,27.4,0.03,26.58
511,1397,US,desktop,5,3,21.96,0.11,58.63
512,1425,US,tablet,4,2,21.5,0.16,36.12
513,1889,US,tablet,8,3,38.21,0.25,85.97
514,1292,UK,mobile,6,4,28.39,0.14,97.66
515,1740,UK,mobile,7,3,31.01,0.22,72.56
516,1168,UK,mobile,5,3,22.44,0.1,60.59
517,1018,US,mobile,6,4,23.72,0.14,81.6
518,1225,UK,mobile,5,2,26.56,0.07,49.4
519,1934,US,mobile,15,3,26.93,0.41,47.67
520,1319,US,mobile,6,3,25.13,0.23,58.05
521,1499,US,tablet,6,4,32.68,0.1,117.65
522,1558,US,mobile,5,3,23.22,0.12,61.3
523,1360,US,mobile,4,1,15.54,0.13,13.52
524,1217,UK,mobile,6,4,31.68,0.12,111.51
525,1999,UK,desktop,8,1,44.61,0.46,24.09
526,1112,UK,mobile,7,1,32.17,0.1,28.95
527,1511,UK,desktop,9,3,23.62,0.05,67.32
528,1357,US,desktop,7,1,23.23,0.18,19.05
529,1514,US,desktop,7,4,21.77,0.16,73.15
530,1098,CA,desktop,8,2,28.41,0.23,43.75
531,1796,FR,mobile,6,1,24.93,0.17,20.69
532,1718,US,mobile,8,5,26.19,0.22,102.14
533,1715,US,mobile,9,1,19.21,0.03,18.63
534,1442,US,mobile,7,5,25.66,0.36,82.11
535,1682,US,tablet,10,3,23.77,0.08,65.61
536,1794,US,mobile,4,3,16.48,0.4,29.66
537,1232,US,desktop,7,4,34.79,0.19,112.72
538,1917,US,desktop,11,4,30.62,0.43,69.81
539,1570,FR,desktop,5,4,9.73,0.09,35.42
540,1895,DE,mobile,8,2,19.55,0.22,30.5
541,1400,US,desktop,8,2,25.45,0.08,46.83
542,1988,UK,desktop,10,5,19.89,0.18,81.55
543,1549,US,mobile,9,1,9.57,0.11,8.52
544,1237,CA,mobile,8,2,17.26,0.36,22.09
545,1488,US,mobile,8,4,30.3,0.37,76.36
546,1234,FR,mobile,9,2,26.38,0.34,34.82
547,1779,UK,mobile,4,3,32.75,0.27,71.72
548,1918,UK,mobile,5,2,38.13,0.11,67.87
549,1518,US,mobile,7,2,18.83,0.11,33.52
550,1096,US,desktop,6,4,22.33,0.19,72.35
551,1654,AU,mobile,2,1,40.49,0.16,34.01
552,1100,AU,desktop,7,2,25.89,0.18,42.46
553,1343,UK,mobile,6,4,21.05,0.1,75.78
554,1203,US,desktop,5,3,20.19,0.01,59.96
555,1931,UK,mobile,4,3,29.27,0.37,55.32
556,1703,CA,mobile,9,3,18.51,0.13,48.31
557,1379,US,desktop,4,2,23.36,0.09,42.52
558,1544,US,tablet,7,3,33.56,0.22,78.53
559,1622,CA,mobile,4,4,21.53,0.23,66.31
560,1859,FR,mobile,8,1,29.38,0.31,20.27
561,1689,DE,mobile,5,4,25.38,0.15,86.29
562,1998,CA,mobile,5,4,36.5,0.11,129.94
563,1890,AU,mobile,6,5,15.12,0.46,40.82
564,1128,US,mobile,6,2,22.23,0.19,36.01
565,1662,AU,mobile,7,5,23.83,0.29,84.6
566,1097,US,mobile,7,5,24.2,0.15,102.85
567,1454,US,desktop,5,6,28.73,0.41,101.7
568,1676,US,mobile,7,2,14.55,0.17,24.15
569,1914,US,mobile,5,5,30.33,0.29,107.67
570,1795,UK,mobile,6,3,15.5,0.13,40.46
571,1668,US,mobile,8,5,25.26,0.05,119.98
572,1485,US,desktop,6,1,18.36,0.25,13.77
573,1564,US,mobile,1,3,20.62,0.13,53.82
574,1614,UK,desktop,6,2,24.48,0.4,29.38
575,1498,UK,mobile,10,3,22.91,0.23,52.92
576,1734,US,mobile,8,3,26.37,0.27,57.75
577,1377,US,mobile,6,4,31.21,0.11,111.11
578,1818,DE,desktop,9,2,12.28,0.05,23.33
579,1814,US,desktop,10,2,21.81,0.44,24.43
580,1519,DE,desktop,7,2,29.68,0.36,37.99
581,1469,US,mobile,5,1,23.11,0.2,18.49
582,1272,CA,desktop,5,4,34.27,0.35,89.1
583,1743,US,desktop,4,1,13.58,0.28,9.78
584,1669,UK,mobile,5,2,22.03,0.06,41.42
585,1907,US,mobile,3,3,18.68,0.25,42.03
586,1445,US,mobile,4,3,24.4,0.26,54.17
587,1782,US,mobile,5,3,33.42,0.21,79.21
588,1360,US,mobile,7,3,35.11,0.11,93.74
589,1542,US,mobile,3,2,5.0,0.33,6.7
590,1136,AU,desktop,6,4,22.5,0.02,88.2
591,1168,US,mobile,7,2,22.41,0.38,27.79
592,1944,DE,tablet,4,1,19.19,0.3,13.43
593,1158,CA,desktop,7,2,26.86,0.18,44.05
594,1407,FR,mobile,4,2,12.95,0.2,20.72
595,1450,US,tablet,6,4,33.28,0.3,93.18
596,1732,US,mobile,6,3,23.02,0.36,44.2
597,1704,FR,desktop,6,2,24.73,0.12,43.52
598,1743,US,desktop,4,3,38.35,0.26,85.14
599,1140,AU,mobile,4,4,13.73,0.13,47.78
600,1657,CA,mobile,1,3,35.86,0.35,69.93
